{"num_sim_q": 3, "sim_qubits": [3, 2, 1], "result": -24.18815018583312, "outdist": [7.874526806015048e-33, 0.9452934828884115, 0.02726154566719933, 2.9568355616991704e-32, 9.502066895422605e-33, 0.0001910077201532332, 0.027253963724235705, 3.5498010620160465e-33], "target": -24.18908034734577, "projected_target": -1.40376653671885e-13, "noncon": -24.148988598853393, "truegs": -24.189264917100292, "A_expct": -0.9999998475147047, "numfev": [1, 2, 3, 4, 5, 6, 7, 8, 9, 10, 11, 12, 13, 14, 15, 16, 17, 18, 19, 20, 21, 22, 23, 24, 25, 26, 27, 28, 29, 30, 31, 32, 33, 34, 35, 36, 37, 38, 39, 40, 41, 42, 43, 44, 45, 46, 47, 48, 49, 50, 51, 52, 53, 54, 55, 56, 57, 58, 59, 60, 61, 62, 63, 64, 65, 66, 67, 68], "params": {"P[0]": [0.13922964069921448, 0.13922964069921448, 0.13922964069921448, 0.13922964069921448, 0.13922964069921448, 0.13922964069921448, 0.13922964069921448, 0.13922964069921448, 0.13922964069921448, 0.13922964069921448, 0.13922964069921448, 0.13922964069921448, 0.13922964069921448, 0.13922964069921448, 0.13922964069921448, 0.13922964069921448, 0.13922964069921448, 0.13922964069921448, 0.13922964069921448, 0.13922964069921448, 0.13922964069921448, 0.13922964069921448, 0.13922964069921448, 0.13922964069921448, 0.13922964069921448, 0.13922964069921448, 0.13922964069921448, 0.13922964069921448, 0.13922964069921448, 0.13922964069921448, 0.13922964069921448, 0.13922964069921448, 0.13922964069921448, 0.13922964069921448, 0.13922964069921448, 0.13922964069921448, 0.13922964069921448, 0.13922964069921448, 0.13922964069921448, 0.13922964069921448, 0.13922964069921448, 0.13922964069921448, 0.13922964069921448, 0.13922964069921448, 0.13922964069921448, 0.13922964069921448, 0.13922964069921448, 0.13922964069921448, 0.13922964069921448, 0.13922964069921448, 0.13922964069921448, 0.13922964069921448, 0.13922964069921448, 0.13922964069921448, 0.13922964069921448, 0.13922964069921448, 0.13922964069921448, 0.13922964069921448, 0.13922964069921448, 0.13922964069921448, 0.13922964069921448, 0.13922964069921448, 0.13922964069921448, 0.13922964069921448, 0.13922964069921448, 0.13922964069921448, 0.13922964069921448, 0.13922964069921448], "P[1]": [0.09255435429248678, 0.09255435429248678, 0.09255435429248678, 0.09255435429248678, 0.09255435429248678, 0.09255435429248678, 0.09255435429248678, 0.09255435429248678, 0.09255435429248678, 0.09255435429248678, 0.09255435429248678, 0.09255435429248678, 0.09255435429248678, 0.09255435429248678, 0.09255435429248678, 0.09255435429248678, 0.09255435429248678, 0.09255435429248678, 0.09255435429248678, 0.09255435429248678, 0.09255435429248678, 0.09255435429248678, 0.09255435429248678, 0.09255435429248678, 0.09255435429248678, 0.09255435429248678, 0.09255435429248678, 0.09255435429248678, 0.09255435429248678, 0.09255435429248678, 0.09255435429248678, 0.09255435429248678, 0.09255435429248678, 0.09255435429248678, 0.09255435429248678, 0.09255435429248678, 0.09255435429248678, 0.09255435429248678, 0.09255435429248678, 0.09255435429248678, 0.09255435429248678, 0.09255435429248678, 0.09255435429248678, 0.09255435429248678, 0.09255435429248678, 0.09255435429248678, 0.09255435429248678, 0.09255435429248678, 0.09255435429248678, 0.09255435429248678, 0.09255435429248678, 0.09255435429248678, 0.09255435429248678, 0.09255435429248678, 0.09255435429248678, 0.09255435429248678, 0.09255435429248678, 0.09255435429248678, 0.09255435429248678, 0.09255435429248678, 0.09255435429248678, 0.09255435429248678, 0.09255435429248678, 0.09255435429248678, 0.09255435429248678, 0.09255435429248678, 0.09255435429248678, 0.09255435429248678], "P[2]": [0.09255820785030108, 0.09255820785030108, 0.09255820785030108, 0.09255820785030108, 0.09255820785030108, 0.09255820785030108, 0.09255820785030108, 0.09255820785030108, 0.09255820785030108, 0.09255820785030108, 0.09255820785030108, 0.09255820785030108, 0.09255820785030108, 0.09255820785030108, 0.09255820785030108, 0.09255820785030108, 0.09255820785030108, 0.09255820785030108, 0.09255820785030108, 0.09255820785030108, 0.09255820785030108, 0.09255820785030108, 0.09255820785030108, 0.09255820785030108, 0.09255820785030108, 0.09255820785030108, 0.09255820785030108, 0.09255820785030108, 0.09255820785030108, 0.09255820785030108, 0.09255820785030108, 0.09255820785030108, 0.09255820785030108, 0.09255820785030108, 0.09255820785030108, 0.09255820785030108, 0.09255820785030108, 0.09255820785030108, 0.09255820785030108, 0.09255820785030108, 0.09255820785030108, 0.09255820785030108, 0.09255820785030108, 0.09255820785030108, 0.09255820785030108, 0.09255820785030108, 0.09255820785030108, 0.09255820785030108, 0.09255820785030108, 0.09255820785030108, 0.09255820785030108, 0.09255820785030108, 0.09255820785030108, 0.09255820785030108, 0.09255820785030108, 0.09255820785030108, 0.09255820785030108, 0.09255820785030108, 0.09255820785030108, 0.09255820785030108, 0.09255820785030108, 0.09255820785030108, 0.09255820785030108, 0.09255820785030108, 0.09255820785030108, 0.09255820785030108, 0.09255820785030108, 0.09255820785030108], "P[3]": [-0.13925490557692144, -0.13925490557692144, -0.13925490557692144, -0.13925490557692144, -0.13925490557692144, -0.13925490557692144, -0.13925490557692144, -0.13925490557692144, -0.13925490557692144, -0.13925490557692144, -0.13925490557692144, -0.13925490557692144, -0.13925490557692144, -0.13925490557692144, -0.13925490557692144, -0.13925490557692144, -0.13925490557692144, -0.13925490557692144, -0.13925490557692144, -0.13925490557692144, -0.13925490557692144, -0.13925490557692144, -0.13925490557692144, -0.13925490557692144, -0.13925490557692144, -0.13925490557692144, -0.13925490557692144, -0.13925490557692144, -0.13925490557692144, -0.13925490557692144, -0.13925490557692144, -0.13925490557692144, -0.13925490557692144, -0.13925490557692144, -0.13925490557692144, -0.13925490557692144, -0.13925490557692144, -0.13925490557692144, -0.13925490557692144, -0.13925490557692144, -0.13925490557692144, -0.13925490557692144, -0.13925490557692144, -0.13925490557692144, -0.13925490557692144, -0.13925490557692144, -0.13925490557692144, -0.13925490557692144, -0.13925490557692144, -0.13925490557692144, -0.13925490557692144, -0.13925490557692144, -0.13925490557692144, -0.13925490557692144, -0.13925490557692144, -0.13925490557692144, -0.13925490557692144, -0.13925490557692144, -0.13925490557692144, -0.13925490557692144, -0.13925490557692144, -0.13925490557692144, -0.13925490557692144, -0.13925490557692144, -0.13925490557692144, -0.13925490557692144, -0.13925490557692144, -0.13925490557692144]}, "energy": [-24.148988598853197, -23.835805178170084, -23.807554632845047, -23.807554632845058, -23.665315567810627, -23.160783932159756, -23.941524625533837, -24.15745698773342, -24.125515968413605, -24.11427028133143, -24.16162632917832, -24.16045512274707, -24.16084806245454, -24.152276959696422, -24.179923256052398, -24.181526607444475, -24.179493112767073, -24.17975085603299, -24.185214812557795, -24.182233794927768, -24.187458286496916, -24.184393746864373, -24.187831631244872, -24.185248033822653, -24.18639328644765, -24.18784527096227, -24.18763716574331, -24.18787770060467, -24.187682131856022, -24.187931246688702, -24.18805893115516, -24.187758301489016, -24.187952728731776, -24.188004278542053, -24.188019270961416, -24.188064561461577, -24.18813867254513, -24.188127556712708, -24.188121060500972, -24.18813016549383, -24.188135038181848, -24.188142459897843, -24.18813289094877, -24.18814399897217, -24.18814839631798, -24.188147335808097, -24.18814973784964, -24.188148652497258, -24.18814972173938, -24.188148754231882, -24.188149732776726, -24.188149944579294, -24.188149800418763, -24.188149745700027, -24.188150055718452, -24.188149812874784, -24.18815014268196, -24.18815012386379, -24.18815006276951, -24.188150154421603, -24.188150155191412, -24.18815017366273, -24.188150172940066, -24.18815016981407, -24.188150180028106, -24.18815016282175, -24.18815019044762, -24.18815018583312],