{"H2_3-21G_SINGLET": {"num_qubits": 5, "num_terms": {"full": 64}, "circdepth": {"full": 864}, "chemaccnum": 5, "errors": [0.025078119403493027, 0.017879349420083734, 0.013774504110485974, 0.004963143300049655, 0.004889530285967281, 2.6645352591003757e-15]}, "H6_STO-3G_SINGLET": {"num_qubits": 9, "num_terms": {"full": 644}, "circdepth": {"full": 14851}, "chemaccnum": 9, "errors": [0.10053406592604075, 0.08182136101890691, 0.07895269198719035, 0.07847041597662185, 0.06575978674591498, 0.06439429318343315, 0.041941000495422376, 0.03061852389112074, 0.02010210385509925, 5.773159728050814e-15]}, "H2_6-31G_SINGLET": {"num_qubits": 5, "num_terms": {"full": 48}, "circdepth": {"full": 656}, "chemaccnum": 5, "errors": [0.025138963626292643, 0.0192825502825138, 0.015048333688592708, 0.005080849221907213, 0.004997706290491344, -1.1102230246251565e-15]}, "H2_6-311G_SINGLET": {"num_qubits": 9, "num_terms": {"full": 100}, "circdepth": {"full": 2098}, "chemaccnum": 9, "errors": [0.02568192290471427, 0.0256819229046239, 0.022942380307040322, 0.016108937904757648, 0.01403408710462628, 0.008210287098669555, 0.006243572823767973, 0.003068043122973707, 0.002154212487714524, 1.9984014443252818e-15]}, "H3+_STO-3G_SINGLET": {"num_qubits": 3, "num_terms": {"full": 10}, "circdepth": {"full": 108}, "chemaccnum": 3, "errors": [0.04798570367009103, 0.04798570364960031, 0.0316077916340014, 6.661338147750939e-16]}, "H3+_3-21G_SINGLET": {"num_qubits": 9, "num_terms": {"full": 80}, "circdepth": {"full": 1592}, "chemaccnum": 9, "errors": [0.037400837853226454, 0.0311099377413393, 0.02781192151353018, 0.025047378097710293, 0.020153167542733774, 0.015446026632772947, 0.011906296042118125, 0.008034306052470797, 0.0036814216553988643, -9.103828801926284e-15]}, "HeH+_3-21G_SINGLET": {"num_qubits": 6, "num_terms": {"full": 38}, "circdepth": {"full": 617}, "chemaccnum": 6, "errors": [0.024864773003915097, 0.02379468748300173, 0.014793426174017466, 0.010889365787220218, 0.007504829915563782, 0.0046737331169772744, -8.43769498715119e-15]}, "HeH+_6-311G_SINGLET": {"num_qubits": 10, "num_terms": {"full": 70, "1": 1, "2": 6, "3": 11, "4": 13, "5": 20, "6": 32, "7": 49, "8": 66, "9": 68}, "circdepth": {"full": 1525, "1": 7, "2": 70, "3": 135, "4": 177, "5": 311, "6": 513, "7": 878, "8": 1292, "9": 1444}, "chemaccnum": 9, "errors": [0.025905218482626058, 0.025377218155655967, 0.02127700093750784, 0.01835514551417239, 0.015107914743987205, 0.012900832892542624, 0.00856099465651683, 0.005939855032894847, 0.0025692150050140583, 0.0014159518077896394, -1.7319479184152442e-14]}, "H2O_STO-3G_SINGLET": {"num_qubits": 10, "num_terms": {"full": 900, "1": 3, "2": 10, "3": 32, "4": 94, "5": 180, "6": 290, "7": 436}, "circdepth": {"full": 21180, "1": 18, "2": 87, "3": 315, "4": 1243, "5": 2773, "6": 5177, "7": 8657}, "chemaccnum": 7, "errors": [0.048806969710341264, 0.0488069697084228, 0.04469246959801865, 0.041239258742848506, 0.02831979329646117, 0.01699270618506432, 0.010794828770613663, 0.0011377046137823754, 7.87740236631862e-05, 5.26774579867606e-05, 1.4210854715202004e-13]}, "BeH+_STO-3G_SINGLET": {"num_qubits": 8, "num_terms": {"full": 292, "1": 2, "2": 9, "3": 18, "4": 43, "5": 51, "6": 59}, "circdepth": {"full": 6120, "1": 9, "2": 82, "3": 223, "4": 625, "5": 821, "6": 1021}, "chemaccnum": 6, "errors": [0.0284037917913178, 0.028403791791319577, 0.024114904796816106, 0.02085817040368987, 0.007582840896356302, 0.003930046968699585, 0.00040230917090688934, 0.00017385933193914127, -1.0658141036401503e-14]}, "LiH_STO-3G_SINGLET": {"num_qubits": 8, "num_terms": {"full": 388, "1": 3, "2": 8, "3": 24, "4": 53}, "circdepth": {"full": 7758, "1": 19, "2": 84, "3": 318, "4": 787}, "chemaccnum": 4, "errors": [0.019646909169615867, 0.019646909169612314, 0.019406396294077588, 0.017022787379016968, 0.0013008997131720434, 0.0007544896667548429, 0.00022441937731176864, 0.00017196500586003083, 0.0]}, "CH+_STO-3G_SINGLET": {"num_qubits": 8, "num_terms": {"full": 160, "1": 2, "2": 6, "3": 6, "4": 16, "5": 24, "6": 50}, "circdepth": {"full": 3328, "1": 17, "2": 53, "3": 61, "4": 245, "5": 458, "6": 1066}, "chemaccnum": 6, "errors": [0.07703830930365285, 0.06327547138103995, 0.04986914422213573, 0.04839187427902658, 0.02978107440737432, 0.019991150892742837, 0.00013514009224024903, 7.226623492329054e-05, 1.8474111129762605e-13]}, "HF_STO-3G_SINGLET": {"num_qubits": 8, "num_terms": {"full": 96, "1": 1, "2": 5, "3": 12, "4": 33}, "circdepth": {"full": 1988, "1": 8, "2": 50, "3": 130, "4": 417}, "chemaccnum": 4, "errors": [0.03229070928260569, 0.03229070928259148, 0.006812148668444706, 0.004704545477778765, 0.0008086666321389657, 0.0004017343671876006, 1.991227419750885e-05, 1.3624784031662784e-05, 6.963318810448982e-13]}, "B+_STO-3G_SINGLET": {"num_qubits": 5, "num_terms": {"full": 176, "1": 0, "2": 6, "3": 20}, "circdepth": {"full": 2331, "1": 2, "2": 62, "3": 271}, "chemaccnum": 3, "errors": [0.04027631824676092, 0.04027631824675382, 0.018516825738004172, 0.0001845716432562483, 7.825400755834266e-05, 5.3290705182007514e-14]}, "N+_STO-3G_SINGLET": {"num_qubits": 5, "num_terms": {"full": 112}, "circdepth": {"full": 1465}, "chemaccnum": 0, "errors": [1.4921397450962104e-13, 1.4921397450962104e-13, 1.4921397450962104e-13, 1.4921397450962104e-13, 1.4921397450962104e-13]}, "OH+_STO-3G_SINGLET": {"num_qubits": 8, "num_terms": {"full": 104, "1": 1, "2": 5, "3": 5, "4": 19, "5": 33}, "circdepth": {"full": 2140, "1": 8, "2": 34, "3": 42, "4": 239, "5": 527}, "chemaccnum": 5, "errors": [0.047867693888932195, 0.03872181167437816, 0.037433534061747764, 0.036265374536924355, 0.0064992159145305095, 0.00046619104271883316, 3.1680878294082504e-05, 2.0511581496407416e-05, 7.105427357601002e-14]}, "CH2_STO-3G_SINGLET": {"num_qubits": 10, "num_terms": {"full": 624, "1": 2, "2": 10, "3": 10, "4": 36, "5": 74, "6": 228, "7": 298, "8": 392}, "circdepth": {"full": 14154, "1": 17, "2": 101, "3": 116, "4": 568, "5": 1259, "6": 4453, "7": 6349, "8": 8923}, "chemaccnum": 8, "errors": [0.04488342561973013, 0.044611318362932195, 0.037704625324650465, 0.03416216961872465, 0.02799992890020775, 0.019160288216902188, 0.010034391750643579, 0.004351876831286461, 0.00022271421178032824, 9.82838707059841e-05, 1.2079226507921703e-13]}, "BeH2_STO-3G_SINGLET": {"num_qubits": 9, "num_terms": {"full": 1276, "1": 2, "2": 8, "3": 22, "4": 80, "5": 180, "6": 256, "7": 300}, "circdepth": {"full": 28734, "1": 16, "2": 80, "3": 296, "4": 1185, "5": 3133, "6": 4899, "7": 5957}, "chemaccnum": 7, "errors": [0.033393337992079, 0.03339333799205413, 0.027554424942898947, 0.024121150791854618, 0.017163975449435043, 0.005762914168169431, 0.0029919312336073034, 0.0003361580095084804, 0.00022863788402283092, -2.842170943040401e-14]}, "Be_STO-3G_SINGLET": {"num_qubits": 5, "num_terms": {"full": 160, "1": 0, "2": 4, "3": 20}, "circdepth": {"full": 2107, "1": 3, "2": 49, "3": 271}, "chemaccnum": 3, "errors": [0.051774631865631804, 0.051774631865631804, 0.030864204159987807, 0.0003265058837680357, 0.00017597885252129686, -6.750155989720952e-14]}, "C_STO-3G_SINGLET": {"num_qubits": 5, "num_terms": {"full": 120, "1": 1, "2": 6, "3": 20, "4": 68}, "circdepth": {"full": 1675, "1": 8, "2": 50, "3": 219, "4": 979}, "chemaccnum": 4, "errors": [0.05660962833774619, 0.02034098690484143, 0.020262707146784464, 0.020262684350498716, 6.155912527816554e-05, 8.526512829121202e-14]}, "NH_STO-3G_SINGLET": {"num_qubits": 8, "num_terms": {"full": 108, "1": 0, "2": 0, "3": 2, "4": 8, "5": 19, "6": 33}, "circdepth": {"full": 2214, "1": 3, "2": 3, "3": 20, "4": 140, "5": 337, "6": 633}, "chemaccnum": 6, "errors": [0.07075434472047704, 0.029635826248160413, 0.026655440138938502, 0.026575124207205647, 0.01889361280954205, 0.016139044239949385, 5.302919815619589e-05, 3.359021204119017e-05, 2.6290081223123707e-13]}, "F+_STO-3G_SINGLET": {"num_qubits": 5, "num_terms": {"full": 40}, "circdepth": {"full": 560}, "chemaccnum": 0,