{"H2_3-21G_SINGLET": {"num_qubits": 5, "num_terms": {"full": 64, "1": 3, "2": 7, "3": 19, "4": 58, "5": 0}, "circdepth": {"full": 864, "1": 18, "2": 36, "3": 178, "4": 767, "5": 2}, "chemaccnum": 5, "errors": [0.025078119403872723, 0.0178793483638493, 0.013774504595971404, 0.004963150758025003, 0.004889531640334122, -4.440892098500626e-16]}, "H6_STO-3G_SINGLET": {"num_qubits": 9, "num_terms": {"full": 644, "1": 1, "2": 4, "3": 12, "4": 34, "5": 58, "6": 133, "7": 244, "8": 408, "9": 0}, "circdepth": {"full": 14851, "1": 8, "2": 33, "3": 119, "4": 482, "5": 882, "6": 2566, "7": 5121, "8": 9621, "9": 3}, "chemaccnum": 9, "errors": [0.1005340659260403, 0.08182136101890647, 0.07895269198719035, 0.07847041597662496, 0.06575978674591232, 0.06439429318342693, 0.04194100049541172, 0.030618523891134064, 0.020102103855108577, 1.554312234475219e-14]}, "H2_6-31G_SINGLET": {"num_qubits": 5, "num_terms": {"full": 48, "1": 3, "2": 5, "3": 17, "4": 31, "5": 0}, "circdepth": {"full": 656, "1": 18, "2": 34, "3": 174, "4": 341, "5": 2}, "chemaccnum": 5, "errors": [0.025138963626318844, 0.019282552329842773, 0.015048330988560954, 0.005080835565993036, 0.004997698298925934, 8.881784197001252e-16]}, "H2_6-311G_SINGLET": {"num_qubits": 9, "num_terms": {"full": 100, "1": 2, "2": 4, "3": 20, "4": 42, "5": 54, "6": 54, "7": 72, "8": 80, "9": 0}, "circdepth": {"full": 2098, "1": 12, "2": 32, "3": 252, "4": 549, "5": 781, "6": 889, "7": 1264, "8": 1543, "9": 2}, "chemaccnum": 9, "errors": [0.02568192290462301, 0.025681922904616794, 0.022942380307033217, 0.016108937904748766, 0.014034087104621618, 0.00821028709866467, 0.006243572823755539, 0.003068043122962383, 0.0021542124877025337, -4.884981308350689e-15]}, "H3+_STO-3G_SINGLET": {"num_qubits": 3, "num_terms": {"full": 10, "1": 3, "2": 6, "3": 0}, "circdepth": {"full": 108, "1": 19, "2": 47, "3": 2}, "chemaccnum": 3, "errors": [0.04798570364966137, 0.04798570364960142, 0.031607791634005844, 3.9968028886505635e-15]}, "H3+_3-21G_SINGLET": {"num_qubits": 9, "num_terms": {"full": 80, "1": 3, "2": 9, "3": 13, "4": 30, "5": 34, "6": 42, "7": 42, "8": 89, "9": 0}, "circdepth": {"full": 1592, "1": 18, "2": 52, "3": 100, "4": 331, "5": 418, "6": 569, "7": 649, "8": 1665, "9": 2}, "chemaccnum": 9, "errors": [0.03740083785317694, 0.031109937748600602, 0.027811921293595, 0.025047377859243936, 0.02015316717339566, 0.015446026223534304, 0.011906295647229559, 0.008034305679238463, 0.003681421655411965, -4.218847493575595e-15]}, "H3+_STO-3G_SINGLET_alt": {"num_qubits": 3, "num_terms": {"full": 17, "1": 2, "2": 8, "3": 0}, "circdepth": {"full": 187, "1": 17, "2": 68, "3": 3}, "chemaccnum": 3, "errors": [0.036051790824506824, 0.02022720761491481, 0.005904424655322593, 1.7763568394002505e-15]}, "HeH+_3-21G_SINGLET": {"num_qubits": 6, "num_terms": {"full": 38, "1": 2, "2": 7, "3": 13, "4": 15, "5": 54, "6": 0}, "circdepth": {"full": 617, "1": 16, "2": 55, "3": 123, "4": 154, "5": 815, "6": 2}, "chemaccnum": 6, "errors": [0.02486477300505907, 0.023794687526761837, 0.014793426174028568, 0.010889365787229544, 0.007504829915568667, 0.004673733117009693, 4.440892098500626e-15]}, "HeH+_3-21G_SINGLET_alt": {"num_qubits": 6, "num_terms": {"full": 38, "1": 1, "2": 4, "3": 9, "4": 11, "5": 33, "6": 0}, "circdepth": {"full": 617, "1": 7, "2": 43, "3": 95, "4": 126, "5": 468, "6": 2}, "chemaccnum": 6, "errors": [0.024859766653538173, 0.02378531688719132, 0.014779221742553528, 0.010865792091985238, 0.007484552591550564, 0.004653976009421967, -9.769962616701378e-15]}, "HeH+_6-311G_SINGLET": {"num_qubits": 10, "num_terms": {"full": 70, "1": 1, "2": 6, "3": 11, "4": 13, "5": 20, "6": 32, "7": 49, "8": 66, "9": 68}, "circdepth": {"full": 1525, "1": 7, "2": 70, "3": 135, "4": 177, "5": 311, "6": 513, "7": 878, "8": 1292, "9": 1444}, "chemaccnum": 9, "errors": [0.02590521848264249, 0.0253772181556724, 0.02127700093752427, 0.018355145514187043, 0.015107914743992978, 0.012900832892562608, 0.008560994656535037, 0.005939855032918828, 0.0025692150050353746, 0.0014159518078202815, 1.4210854715202004e-14]}, "H2O_STO-3G_SINGLET": {"num_qubits": 10, "num_terms": {"full": 900, "1": 3, "2": 10, "3": 32, "4": 94, "5": 180, "6": 290, "7": 436}, "circdepth": {"full": 21180, "1": 18, "2": 87, "3": 315, "4": 1243, "5": 2773, "6": 5177, "7": 8657}, "chemaccnum": 7, "errors": [0.04880696972044518, 0.04880696970832332, 0.04469246959801865, 0.04123925874272061, 0.028319793296233797, 0.016992706185078532, 0.010794828770670506, 0.001137704614123436, 7.877402373424047e-05, 5.2677457787808635e-05, 6.536993168992922e-13]}, "H2O_STO-3G_SINGLET_alt": {"num_qubits": 10, "num_terms": {"full": 586, "1": 3, "2": 10, "3": 32, "4": 94, "5": 180, "6": 274, "7": 380}, "circdepth": {"full": 13872, "1": 19, "2": 79, "3": 317, "4": 1247, "5": 2889, "6": 4821, "7": 7335}, "chemaccnum": 7, "errors": [0.055982932364884164, 0.05598293234253049, 0.05030511875433774, 0.04662650816901248, 0.031557763098149394, 0.01663573506706939, 0.010549807437826075, 0.0010773406629738247, 7.288115594406008e-05, 4.797197505013173e-05, -3.268496584496461e-13]}, "BeH+_STO-3G_SINGLET": {"num_qubits": 8, "num_terms": {"full": 292, "1": 2, "2": 9, "3": 18, "4": 43, "5": 51, "6": 59}, "circdepth": {"full": 6120, "1": 9, "2": 82, "3": 223, "4": 625, "5": 821, "6": 1021}, "chemaccnum": 6, "errors": [0.02840379179135155, 0.028403791791346222, 0.02411490479382472, 0.02085817038489779, 0.007582840888991527, 0.003930046871312598, 0.0004023089831086679, 0.00017385915583822964, -1.2434497875801753e-14]}, "LiH_STO-3G_SINGLET": {"num_qubits": 8, "num_terms": {"full": 388, "1": 1, "2": 8, "3": 24, "4": 53}, "circdepth": {"full": 7758, "1": 8, "2": 84, "3": 318, "4": 787}, "chemaccnum": 4, "errors": [0.019646909166739945, 0.019646909166739945, 0.019406396286444583, 0.017022787253085703, 0.0013008995189034422, 0.0007544894464119878, 0.00022441912962012367, 0.0001719650058937816, -1.7763568394002505e-14]}, "CH+_STO-3G_SINGLET": {"num_qubits": 8, "num_terms": {"full": 160, "1": 2, "2": 6, "3": 6, "4": 16, "5": 24, "6": 50}, "circdepth": {"full": 3328, "1": 17, "2": 53, "3": 61, "4": 245, "5": 458, "6": 1066}, "chemaccnum": 6, "errors": [0.07703830930320521, 0.06327547124308097, 0.04986914418699939, 0.048391874301024984, 0.029781074383990358, 0.01999115097024884, 0.00013514055754626497, 7.226623471723315e-05, -2.842170943040401e-14]}, "HF_STO-3G_SINGLET": {"num_qubits": 8, "num_terms": {"full": 96, "1": 1, "2": 5, "3": 12, "4": 33}, "circdepth": {"full": 1988, "1": 8, "2": 50, "3": 130, "4": 417}, "chemaccnum": 4, "errors": [0.03229070928243516, 0.03229070928242095, 0.006812148668259965, 0.004704545477537181, 0.0008086666316557967, 0.0004017343670170703, 1.9912274595412782e-05, 1.362478326427663e-05, 1.7053025658242404e-13]}, "B+_STO-3G_SINGLET": {"num_qubits": 5, "num_terms": {"full": 176, "1": 0, "2": 6, "3": 20}, "circdepth": {"full": 2331, "1": 2, "2": 62, "3": 271}, "chemaccnum": 3, "errors": [0.04027631824676803, 0.040276318246764475, 0.01851682524484488, 0.00018457068732402604, 7.825307230646672e-05, -7.105427357601002e-15]}, "N+_STO-3G_SINGLET": {"num_qubits": 5, "num_terms": {"full": 112}, "circdepth": {"full": 1465}, "chemaccnum": 0, "errors": [1.4210854715202004e-14, 1.4210854715202004e-14, 1.4210854715202004e-14, 1.4210854715202004e-14, 1.4210854715202004e-14]}, "OH+_STO-3G_SINGLET": {"num_qubits": 8, "num_terms": {"full": 104, "1": 1, "2": 5, "3": 5, "4": 19, "5": 33}, "circdepth": {"full": 2140, "1": 8, "2": 34, "3": 42, "4": 239, "5": 527}, "chemaccnum": 5, "errors": [0.04786769388887535, 0.038721811674321316, 0.03743353406164829, 0.036265374537094885, 0.006499215914246292, 0.00046619104281830914, 3.168087773985917e-05, 2.0511581766413656e-05, 3.552713678800501e-13]}, "CH2_STO-3G_SINGLET": {"num_qubits": 10, "num_terms": {"full": 624, "1": 2, "2": 10, "3": 10, "4": 36, "5": 74, "6": 228, "7": 298, "8": 392}, "circdepth": {"full": 14154, "1": 17, "2": 101, "3": 116, "4": 568, "5": 1259, "6": 4453, "7": 6349, "8": 8923},