{"IMFIL": {"counts": [42, 154, 180, 375, 398], "values": [-2.94448172147579, -2.8516514291321498, -2.9441916376322195, -2.8602101140521397, -2.69105576485629], "target": [-3.1428247492681645, -3.1518728818629724, -3.151872881862972, -3.155710388287109, -3.159114851913743]}, "NFT": {"counts": [1025, 1025, 1025, 1025, 1025], "values": [-2.94448172033559, -2.8567812579108987, -2.9544535278504913, -2.8045255922528964, -2.7366996391409177], "target": [-3.1428247492681645, -3.1518728818629724, -3.1518728818629773, -3.155710388287121, -3.1591148519137464]}, "POWELL": {"counts": [233, 567, 619, 603, 1227], "values": [-2.8942682983116215, -2.837912598182329, -2.9564317146465435, -2.782854144969286, -2.7345604337643388], "target": [-3.1428247492681645, -3.1518728818629747, -3.151872881862967, -3.1557103882871047, -3.15911485191375]}}