{
"H2_3-21G_SINGLET":{
    "atoms": ["H", "H"],
    "coords":[  [0.0000,0.0000,0.3749],
                [0.0000,0.0000,-0.3749]],
    "multiplicity":1,
    "charge":0,
    "basis":"3-21g",
    "sym_sector":[-1, -1, 1]
    },
"H6_STO-3G_SINGLET":{
    "atoms": ["H", "H", "H", "H", "H", "H"],
    "coords":[[0,0,0],[1,0,0],[2,0,0],[3,0,0],[4,0,0],[5,0,0]],
    "multiplicity":1,
    "charge":0,
    "basis":"STO-3G",
    "sym_sector":[-1, -1, 1]
    },
"H2_6-31G_SINGLET":{
    "atoms": ["H", "H"],
    "coords":[  [0.0000,0.0000,0.3749],
                [0.0000,0.0000,-0.3749]],
    "multiplicity":1,
    "charge":0,
    "basis":"6-31g",
    "sym_sector":[-1, -1, 1]
    },
"H2_6-311G_SINGLET":{
    "atoms": ["H", "H"],
    "coords":[  [0.0000,0.0000,0.3749],
                [0.0000,0.0000,-0.3749]],
    "multiplicity":1,
    "charge":0,
    "basis":"6-311g",
    "sym_sector":[-1, -1, 1]
    },
"H3+_STO-3G_SINGLET":{
    "atoms": ["H", "H", "H"],
    "coords":[  [0.0000000,0.5722920,0.0000000],
                [0.4956190,-0.2861460,0.0000000],
                [-0.4956190,-0.2861460,0.0000000]],
    "multiplicity":1,
    "charge":1,
    "basis":"sto-3g",
    "sym_sector": [1, 1, -1]
    },
"H3+_3-21G_SINGLET":{
    "atoms": ["H", "H", "H"],
    "coords":[  [0.0000000,0.4944630,0.0000000],
                [0.4282180,-0.2472320,0.0000000],
                [-0.4282180,-0.2472320,0.0000000]],
    "multiplicity":1,
    "charge":1,
    "basis":"3-21g",
    "sym_sector":[1, 1, -1]
    },
"H3+_STO-3G_SINGLET_alt":{
    "atoms": ["H", "H", "H"],
    "coords":[  [0,0,  0],
                [0,0.9,0],
                [0,0,  0.9]],
    "multiplicity":1,
    "charge":1,
    "basis":"sto-3g",
    "sym_sector":[-1, 1, 1]
    },
"HeH+_3-21G_SINGLET":{
    "atoms": ["He", "H"],
    "coords":[  [0.0000000,0.0000000,0.2611390],
                [0.0000000,0.0000000,-0.5222770]],
    "multiplicity":1,
    "charge":1,
    "basis":"3-21g",
    "sym_sector":[-1, 1]
    },
"HeH+_3-21G_SINGLET_alt":{
    "atoms": ["He", "H"],
    "coords":[[0.0000000,0.0000000,0.2616630],
                [0.0000000,0.0000000,-0.5233260]],
    "multiplicity":1,
    "charge":1,
    "basis":"3-21g",
    "sym_sector":[-1, 1]
    },
"HeH+_6-311G_SINGLET":{
    "atoms": ["He", "H"],
    "coords":[  [0.0000000,0.0000000,0.2574530],
                [0.0000000,0.0000000,-0.5149060]],
    "multiplicity":1,
    "charge":1,
    "basis":"6-311g",
    "sym_sector": "None"
    },
"H2O_STO-3G_SINGLET":{
    "atoms": ["O", "H", "H"],
    "coords":[ [0,0,0],
               [0.952519,0,0],
               [-0.246530058,0.9200627021,0]],
    "multiplicity":1,
    "charge":0,
    "basis":"sto-3g",
    "sym_sector":[1, -1, -1, 1]
    },
"H2O_STO-3G_SINGLET_alt":{
    "atoms": ["O", "H", "H"],
    "coords":[  [0.0000000,	0.0000000,	0.00000000],
                [0.0000000,	1.00000000, 0.0000000],
                [0.984807753, -0.1736481777, 0.0000000]],
    "multiplicity":1,
    "charge":0,
    "basis":"sto-3g",
    "sym_sector":[1, -1, -1, 1]
    },
"BeH+_STO-3G_SINGLET":{
    "atoms": ["Be", "H"],
    "coords":[  [0.0000,0.0000,0.2689],
                [0.0000,0.0000,-1.0758]],
    "multiplicity":1,
    "charge":1,
    "basis":"sto-3g",
    "sym_sector": "None"
    },
"LiH_STO-3G_SINGLET":{
    "atoms": ["Li", "H"],
    "coords":[  [0.0000,0.0000,0.3868],
                [0.0000,0.0000,-1.1605]],
    "multiplicity":1,
    "charge":0,
    "basis":"sto-3g",
    "sym_sector":[1, 1, 1, 1]
    },
"CH+_STO-3G_SINGLET":{
    "atoms": ["C", "H"],
    "coords":[  [0.0000000,0.0000000,0.1746300],
                [0.0000000,0.0000000,-1.0477780]],
    "multiplicity":1,
    "charge":1,
    "basis":"sto-3g",
    "sym_sector": "None"
    },
"HF_STO-3G_SINGLET":{
    "atoms": ["F", "H"],
    "coords":[  [0.0000000,0.0000000,0.0994570],
                [0.0000000,0.0000000,-0.8951090]],    
    "multiplicity":1,
    "charge":0,
    "basis":"sto-3g",
    "sym_sector":[1, 1, -1, -1]
    },
"B+_STO-3G_SINGLET":{
    "atoms": ["B"],
    "coords":[[0,0,0]],
    "multiplicity":1,
    "charge":1,
    "basis":"sto-3g",
    "sym_sector":[1, -1, 1, 1, 1]
    },    
"N+_STO-3G_SINGLET":{
    "atoms": ["N"],
    "coords":[[0,0,0]],
    "multiplicity":1,
    "charge":1,
    "basis":"sto-3g",
    "sym_sector":[-1, -1, -1, -1, -1]
    },   
"OH+_STO-3G_SINGLET":{
    "atoms": ["O", "H"],
    "coords":[  [0.0000000,0.0000000,0.1168240],
                [0.0000000,0.0000000,-0.9345950]],
    "multiplicity":1,
    "charge":1,
    "basis":"sto-3g",
    "sym_sector": "None"
    },
"O_STO-3G_SINGLET":{
    "atoms": ["O"],
    "coords":[[0,0,0]],
    "multiplicity":1,
    "charge":0,
    "basis":"sto-3g",
    "sym_sector":[1, -1, -1, 1, 1]
    },
"CH2_STO-3G_SINGLET":{
    "atoms": ["C", "H", "H"],
    "coords":[  [0.0000000,	0.0000000,	0.1238210],
                [0.0000000,	0.9620540,	-0.3714630],
                [0.0000000,	-0.9620540,	-0.3714630]],
    "multiplicity":1,
    "charge":0,
    "basis":"sto-3g",
    "sym_sector": [-1, 1, -1, 1]
    },
"BeH2_STO-3G_SINGLET":{
    "atoms": ["Be", "H", "H"],
    "coords":[  [0.0000000,	0.0000000,	0.0000000],
                [0.0000000,	0.0000000,	1.2905500],
                [0.0000000,	0.0000000,	-1.2905500]],
    "multiplicity":1,
    "charge":0,
    "basis":"sto-3g",
    "sym_sector":[1, 1, -1, -1, 1]
    },
"Be_STO-3G_SINGLET":{
    "atoms": ["Be"],
    "coords":[[0,0,0]],
    "multiplicity":1,
    "charge":0,
    "basis":"sto-3g",
    "sym_sector":[1, 1, 1, 1, 1]
    },
"C_STO-3G_SINGLET":{
    "atoms": ["C"],
    "coords":[[0,0,0]],
    "multiplicity":1,
    "charge":0,
    "basis":"sto-3g",
    "sym_sector": "None"
    },
"NH_STO-3G_SINGLET":{
    "atoms": ["N", "H"],
    "coords":[  [0.0000000,0.0000000,0.1352370],
                [0.0000000,0.0000000,-0.9466590]],
    "multiplicity":1,
    "charge":0,
    "basis":"sto-3g",
    "sym_sector":[-1, -1, 1, 1]
    },
"Ne_STO-3G_SINGLET":{
    "atoms": ["Ne"],
    "coords":[[0,0,0]],
    "multiplicity":1,
    "charge":0,
    "basis":"sto-3g",
    "sym_sector":[-1, 1, 1, -1, 1]
    },
"F+_STO-3G_SINGLET":{
    "atoms": ["F"],
    "coords":[[0,0,0]],
    "multiplicity":1,
    "charge":1,
    "basis":"sto-3g",
    "sym_sector":[1, -1, 1, 1, 1]
    },
"Li+_STO-3G_SINGLET":{
    "atoms": ["Li"],
    "coords":[[0,0,0]],
    "multiplicity":1,
    "charge":1,
    "basis":"sto-3g",
    "sym_sector":[1, 1, 1, -1, 1]
    },
"BH_STO-3G_SINGLET":{
    "atoms": ["B", "H"],
    "coords":[  [0.0000000,0.0000000,0.2021],
                [0.0000000,0.0000000,-1.0105]],
    "multiplicity":1,
    "charge":0,
    "basis":"sto-3g",
    "sym_sector":[1, 1, -1, -1]
    },
"NeH+_STO-3G_SINGLET":{
    "atoms": ["Ne", "H"],
    "coords":[  [0,0,0.3182],
                [0,0,-3.1818]],
    "multiplicity":1,
    "charge":1,
    "basis":"sto-3g",
    "sym_sector":[1, 1, -1, 1]
    },
"NH2+_STO-3G_SINGLET":{
    "atoms": ["N", "H", "H"],
    "coords":[  [0.0000000,	0.0000000,	0.1508510],
                [0.0000000,	0.8116910,	-0.5279800],
                [0.0000000,	-0.8116910,	-0.5279800]],
    "multiplicity":1,
    "charge":1,
    "basis":"sto-3g",
    "sym_sector":[-1, 1, 1, 1]
    },
"BH2+_STO-3G_SINGLET":{
    "atoms": ["B", "H", "H"],
    "coords":[  [0.0000000,	0.0000000,	0.1569530],
                [0.0000000,	1.0231350,	-0.3923820],
                [0.0000000,	-1.0231350,	-0.3923820]],
    "multiplicity":1,
    "charge":1,
    "basis":"sto-3g",
    "sym_sector":[1, 1, -1, 1]
    }
}