{"IMFIL": {"counts": [42.0, 139.33333333333334, 253.0, 284.6666666666667, 377.0], "values": [-2.9444817223862323, -2.8771207318286742, -2.9403151389124953, -2.8460431359681437, -2.7336616555389686], "target": [-3.142824749268175, -3.1518728818629786, -3.1518728818629795, -3.155710388287124, -3.1591148519137615]}, "NFT": {"counts": [1025.0, 1025.0, 1025.0, 1025.0, 1025.0], "values": [-2.9277439130694973, -2.8274974311971697, -2.8904384921080477, -2.781405310524594, -2.725664526114876], "target": [-3.142824749268175, -3.1518728818629818, -3.151872881862983, -3.1557103882871287, -3.159114851913748]}, "POWELL": {"counts": [290.0, 489.6666666666667, 1005.3333333333334, 1094.3333333333333, 1197.3333333333333], "values": [-2.944481722614057, -2.8369571716664783, -2.909721429048806, -2.807584289208206, -2.724021451583816], "target": [-3.142824749268175, -3.15187288186298, -3.1518728818629778, -3.15571038828712, -3.159114851913758]}}