{"CG": {"counts": [4, 161, 240, 520, 640, 703, 770, 875], "values": [-0.5718973898574926, -3.151872881820948, -3.1518728818628774, -3.155280682256727, -3.156588997025081, -3.1532417060440916, -2.896356938042269, -2.896356938043667], "target": [-3.142824749268163, -3.1518728818629707, -3.151872881862966, -3.1553177976071196, -3.159114851913749, -3.159114851913758, -3.1619490056505173, -3.1667654772543976]}, "COBYLA": {"counts": [41, 99, 1357, 10000, 10000, 739, 971, 9326], "values": [-3.1428247443870845, -3.151872877554863, -3.151872452669272, -3.1552130746424463, -3.1553357126430552, -3.1532416452609975, -3.1518758097912443, -3.1518745301336257], "target": [-3.142824749268163, -3.1518728818629715, -3.1518728818629707, -3.155317797607129, -3.1591148519137575, -3.159114851913753, -3.1619490056505137, -3.1667654772544203]}, "GSLS": {"counts": [321, 484, 701, 1210, 1761, 3155, 1739, 4801], "values": [-0.5718973898574926, -3.1502526016945986, -3.1374868375878537, -3.1370921672054406, -3.094005933656473, -3.12971026650167, -2.8929754391749216, -3.087342635083621], "target": [-3.142824749268163, -3.1518728818629715, -3.151872881862968, -3.1553177976071285, -3.159114851913743, -3.159114851913732, -3.1619490056505084, -3.1667654772544336]}, "IMFIL": {"counts": [42, 120, 201, 343, 460, 472, 594, 1078], "values": [-3.1428247492681627, -3.15172865232333, -3.15172865232333, -3.1552150591313333, -3.156555872788242, -3.1530861718606538, -3.1530566317626114, -3.1529677452324067], "target": [-3.142824749268163, -3.151872881862973, -3.1518728818629684, -3.155317797607124, -3.159114851913757, -3.1591148519137615, -3.161949005650515, -3.1667654772544114]}, "L_BFGS_B": {"counts": [4, 126, 130, 338, 384, 437, 594, 1025], "values": [-0.5718973898574926, -3.151872881862636, -3.142905800684448, -3.155280682296865, -3.156588996950873, -3.153239207933789, -2.8963569387209076, -3.1082361208703864], "target": [-3.142824749268163, -3.151872881862972, -3.151872881862975, -3.155317797607121, -3.159114851913756, -3.15911485191376, -3.1619490056505093, -3.1667654772544136]}, "NELDER_MEAD": {"counts": [122, 777, 1000, 1001, 1001, 1000, 1000, 1000], "values": [-3.142824747174736, -3.151872880071216, -3.1386666565081613, -2.213792995134155, -1.3517490630586428, -1.2952511969292764, -0.4541832216291308, -0.4101756603326621], "target": [-3.142824749268163, -3.151872881862971, -3.1518728818629613, -3.1553177976071236, -3.1591148519137353, -3.1591148519137358, -3.1619490056505066, -3.1667654772544105]}, "NFT": {"counts": [1025, 1025, 1025, 1025, 1025, 1025, 1025, 1025], "values": [-3.142824749268163, -3.1518728818629724, -3.151872881862972, -3.1552806823026534, -3.1565889970751946, -3.153241706047618, -3.153251198805371, -3.153326610489855], "target": [-3.142824749268163, -3.151872881862968, -3.1518728818629707, -3.1553177976071223, -3.1591148519137437, -3.1591148519137455, -3.161949005650511, -3.166765477254394]}, "POWELL": {"counts": [99, 130, 291, 289, 699, 729, 1121, 1263], "values": [-3.142824749268165, -3.151872881862895, -3.1518728818629578, -3.1552806822668167, -3.1565889970747554, -3.153241706039197, -3.1532511978835407, -3.153326577042315], "target": [-3.142824749268163, -3.151872881862971, -3.151872881862973, -3.1553177976071165, -3.1591148519137455, -3.1591148519137593, -3.1619490056505164, -3.166765477254406]}, "SNOBFIT": {"counts": [145, 217, 433, 661, 1117, 505, 673, 1027], "values": [-3.142824543738441, -3.0996402685295417, -2.4810625653954097, -2.442222304974098, -2.3689963854635696, -2.135037544584947, -2.464566891090075, -2.057964956417456], "target": [-3.142824749268163, -3.1518728818629764, -3.151872881862977, -3.155317797607118, -3.159114851913753, -3.159114851913753, -3.161949005650499, -3.166765477254415]}, "SLSQP": {"counts": [4, 90, 112, 211, 310, 327, 354, 402], "values": [-0.5718973898574926, -3.15187288022139, -3.1429054139752686, -3.1552806661537867, -3.156588947361142, -3.1532390571399924, -2.896356668983135, -2.896356663913952], "target": [-3.142824749268163, -3.151872881862974, -3.151872881862975, -3.1553177976071165, -3.1591148519137393, -3.15911485191375, -3.1619490056505093, -3.1667654772544043]}, "SPSA": {"counts": [20051, 20051, 20051, 20051, 20051, 20051, 20051, 20051], "values": [-2.1252103212558655, -0.19602773244085714, -0.2733331831692032, 0.6822205885267122, -0.9105194082938446, 1.1765321389916783, 0.26589822268181273, 1.4848428964894262], "target": [-3.142824749268163, -3.151872881862972, -3.151872881862972, -3.155317797607122, -3.1591148519137473, -3.1591148519137557, -3.161949005650513, -3.1667654772544225]}, "TNC": {"counts": [4, 287, 1570, 3653, 14048, 7923, 15334, 8475], "values": [-0.5718973898574926, -3.151872849755799, -3.148888529522368, -3.154751258936636, -3.1473879638269358, -3.152647713400465, -3.1275990904104147, -3.150986632141204], "target": [-3.142824749268163, -3.1518728818629733, -3.151872881862971, -3.155317797607121, -3.1591148519137433, -3.1591148519137486, -3.1619490056505204, -3.1667654772544074]}}