{"CG": {"counts": [4.0, 161.0, 240.0, 507.0, 560.0, 684.0, 726.0, 875.0], "values": [-0.5718973898574953, -3.1518728818203976, -3.1518728818628774, -3.153733860063349, -2.896342563248481, -2.896342563240319, -2.896342440951431, -2.8963569380440823], "target": [-3.1428247492681782, -3.1518728818629818, -3.151872881862984, -3.1537508714894726, -3.1561433425081606, -3.156143342508179, -3.1620820082506618, -3.1667654772544194]}, "COBYLA": {"counts": [42.0, 85.0, 5124.0, 660.0, 10000.0, 10000.0, 10000.0, 8649.0], "values": [-3.1428247306284747, -3.1518728539815455, -3.151865014616645, -3.15187298092324, -3.1542598517954707, -3.152744422212143, -3.152132715051135, -3.151875691967215], "target": [-3.1428247492681782, -3.151872881862982, -3.1518728818629844, -3.1537508714894753, -3.156143342508174, -3.1561433425081717, -3.162082008250665, -3.166765477254409]}, "GSLS": {"counts": [219.66666666666666, 479.3333333333333, 644.3333333333334, 1227.3333333333333, 2097.0, 2205.0, 2421.0, 3851.0], "values": [-0.5718973898574953, -3.148152597288481, -3.14542544525993, -3.1381690284262747, -3.095980551334579, -2.962571934770384, -2.912593133734496, -2.9165828870142803], "target": [-3.1428247492681782, -3.1518728818629844, -3.1518728818629778, -3.153750871489471, -3.156143342508185, -3.1561433425081784, -3.162082008250655, -3.1667654772544203]}, "IMFIL": {"counts": [42.0, 120.0, 201.0, 267.0, 333.0, 399.0, 727.0, 1078.0], "values": [-3.142824749268178, -3.151728652359805, -3.1517286523598043, -3.153647171917013, -3.153652581161046, -3.153652581161046, -3.151664181074389, -3.1529677444957565], "target": [-3.1428247492681782, -3.1518728818629835, -3.1518728818629844, -3.1537508714894793, -3.156143342508184, -3.156143342508186, -3.1620820082506613, -3.1667654772544056]}, "L_BFGS_B": {"counts": [4.0, 126.0, 130.0, 390.0, 1024.0, 475.0, 550.0, 1050.0], "values": [-0.5718973898574953, -3.15187288186261, -3.1429058006906083, -3.153732485736603, -3.1537278116422542, -2.896342563337624, -2.8963424409644496, -2.915485509942941], "target": [-3.1428247492681782, -3.1518728818629804, -3.151872881862981, -3.1537508714894744, -3.1561433425081717, -3.1561433425081753, -3.162082008250659, -3.1667654772544136]}, "NELDER_MEAD": {"counts": [122.0, 777.0, 1001.0, 1001.0, 1000.0, 1001.0, 1000.0, 1000.0], "values": [-3.1428247471730892, -3.151872880072491, -3.14554456654403, -2.2613711916398525, -1.3404172988429697, -1.178372171670387, -0.46047863808913486, -0.4101756606564455], "target": [-3.1428247492681782, -3.1518728818629875, -3.15187288186298, -3.153750871489484, -3.156143342508175, -3.1561433425081704, -3.162082008250674, -3.1667654772543847]}, "NFT": {"counts": [1025.0, 1025.0, 1025.0, 1025.0, 1025.0, 1025.0, 1025.0, 1025.0], "values": [-3.142824749268178, -3.151872881862982, -3.1518728818629818, -3.1537338600763394, -3.1537427344235307, -3.1537427344235307, -3.1518820238303995, -3.153326610489771], "target": [-3.1428247492681782, -3.1518728818629804, -3.1518728818629866, -3.1537508714894757, -3.1561433425081735, -3.156143342508162, -3.16208200825066, -3.1667654772543976]}, "POWELL": {"counts": [89.0, 128.0, 271.0, 314.0, 645.0, 720.0, 1152.0, 1236.0], "values": [-3.142824749268179, -3.151872881862906, -3.1518728818629693, -3.1537338591307176, -3.153742734423519, -3.153742734401506, -3.1518820238299354, -3.1533265770423444], "target": [-3.1428247492681782, -3.1518728818629804, -3.1518728818629813, -3.1537508714894775, -3.1561433425081797, -3.156143342508178, -3.1620820082506698, -3.1667654772544136]}, "SNOBFIT": {"counts": [145.0, 241.0, 457.0, 531.0, 589.0, 631.0, 929.0, 811.0], "values": [-3.1428246655320273, -3.104279244687685, -2.8855926304175203, -2.2046039261527333, -2.5140914096688287, -1.9175403773581063, -1.8890501102518016, -2.1327674827334064], "target": [-3.1428247492681782, -3.1518728818629818, -3.1518728818629773, -3.1537508714894695, -3.1561433425081784, -3.156143342508179, -3.162082008250661, -3.166765477254419]}, "SLSQP": {"counts": [4.0, 90.0, 111.0, 239.0, 211.0, 250.0, 332.0, 402.0], "values": [-0.5718973898574953, -3.151872880220543, -3.1429057525339643, -3.1537324844095385, -2.896342463425564, -2.8963424634538906, -2.8963424103255746, -2.896356664115276], "target": [-3.1428247492681782, -3.151872881862981, -3.1518728818629884, -3.153750871489466, -3.1561433425081753, -3.15614334250818, -3.1620820082506675, -3.1667654772544207]}, "SPSA": {"counts": [20051.0, 20051.0, 20051.0, 20051.0, 20051.0, 20051.0, 20051.0, 20051.0], "values": [-1.4853671484368098, -0.365878015309125, -0.32018510747388645, 0.31887234315607144, -0.032238758715833184, -0.4418602172671404, 1.2030608924564, 0.8495253343603487], "target": [-3.1428247492681782, -3.151872881862981, -3.1518728818629813, -3.153750871489473, -3.1561433425081757, -3.1561433425081824, -3.1620820082506556, -3.166765477254411]}, "TNC": {"counts": [4.0, 504.0, 1530.0, 3601.0, 7488.0, 3629.0, 3806.0, 6700.0], "values": [-0.5718973898574953, -3.151872876717807, -3.151872087582967, -3.1391749917559877, -3.1532834185062275, -2.8966269690951907, -2.8959481870110486, -2.9002774146015695], "target": [-3.1428247492681782, -3.1518728818629786, -3.1518728818629818, -3.1537508714894806, -3.1561433425081646, -3.156143342508184, -3.162082008250662, -3.1667654772544185]}}