{"counts": [1, 2, 3, 4, 5, 6, 7, 8, 9, 10, 11, 12, 13, 14, 15, 16, 17, 18, 19, 20, 21, 22, 23, 24, 25, 26, 27, 28, 29, 30, 31, 32, 33, 34, 35, 36, 37, 38, 39, 40, 41, 42, 43, 44, 45, 46, 47, 48, 49, 50, 51, 52, 53, 54, 55, 56, 57, 58, 59, 60, 61, 62, 63, 64, 65, 66, 67, 68, 69, 70, 71, 72, 73, 74, 75, 76, 77, 78, 79, 80, 81, 82, 83, 84, 85, 86, 87, 88, 89, 90, 91, 92, 93, 94, 95, 96, 97, 98, 99, 100, 101, 102, 103, 104, 105, 106, 107, 108, 109, 110, 111, 112, 113, 114, 115, 116, 117, 118, 119, 120, 121, 122, 123, 124, 125, 126, 127, 128, 129, 130, 131, 132, 133, 134, 135, 136, 137, 138, 139, 140, 141, 142, 143, 144, 145, 146, 147, 148, 149, 150, 151, 152, 153, 154, 155, 156, 157, 158, 159, 160, 161, 162, 163, 164, 165, 166, 167, 168, 169, 170, 171, 172, 173, 174, 175, 176, 177, 178, 179, 180, 181, 182, 183, 184, 185, 186, 187, 188, 189, 190, 191, 192, 193, 194, 195, 196, 197, 198, 199, 200], "values": [-1.1665309407122155, -1.1357371355875185, -0.4379348146396427, -0.8776217403331211, -0.7845263953733794, -1.118502870325085, -0.2541080018425503, -0.2661608839829428, -0.4839493759270073, -0.09652045766265664, -1.1760139116738615, -1.1772461883411192, -1.2304764575242635, -1.1896042522123493, -1.2018024846459368, -1.220234875343234, -1.1968419658025493, -1.1953782664116936, -1.1798094182253547, -1.187050882361604, -1.2068387026374694, -1.2067685378186095, -1.163061911701483, -1.1797553945281356, -1.1828485683486558, -1.1962813933880057, -1.1589791716545694, -1.1886690608667294, -1.2115555100114739, -1.197728516311164, -1.1156066839430907, -1.1754830409613046, -1.1317679276176245, -1.153894226018595, -1.1297928728664064, -1.1171503360127932, -1.126666936693728, -1.1344176893609936, -1.0233630551548096, -1.1969713428811881, -0.5387849661842533, -0.872901636494728, -0.11681678149978228, -0.4221702731878781, -0.7657721982383793, -1.09927894571115, -0.2315667867242434, -0.007686687353380416, -1.1778495369706912, -1.163255879196893, -1.185744301466952, -1.151269830288582, -1.1861678602051875, -1.1912315054786904, -1.2009933475161, -1.1422306754808393, -1.2186545921021719, -1.0804551100379833, -0.835993314236793, -1.1219723824507444, -0.3314628208383653, -0.6622480422730253, -0.6422385121621456, -0.9827929958210551, -0.6661107298568829, -0.30922465061672993, -0.7802541187485142, -0.7563635789251273, -0.93323749866362, -0.6030893788273388, -0.6932361003290428, -0.6771869827007855, -0.6714721513158364, -0.6833472822634059, -0.471329465001045, -0.8442612655082575, -0.6001497541965144, -0.5960894500288193, -0.5813345461504316, -0.6213984721647282, -0.41591903330537094, -0.80409927250641, -0.5087005635993219, -0.8261346021353959, -1.076612369098319, -0.7963683221181743, -0.8437249758476153, -0.8312768020868828, -1.0084376606817433, -0.6687988691609115, -0.7601687805784629, -0.7458295172496503, -0.9305539920435858, -0.5909334851243522, -0.8702373906947628, -0.875808758085821, -0.8945052698479772, -0.9184911180625428, -0.7076690042472876, -1.0169636438885696, -0.9154413710871674, -0.9216315290601389, -0.7664715350601763, -1.0567839634541385, -0.8174894694774566, -1.0989034726901805, -0.9616810178518664, -0.9503824785508125, -1.1034701358677852, -0.8653711551500738, -1.0331156806909527, -1.1810320700437251, -1.0869232107602023, -1.223045257670982, -1.2040583341370952, -1.027053223456563, -1.1858269908963048, -0.9912001501781006, -1.0897375756523286, -1.1175296634913754, -1.098855450962653, -1.102978096089141, -1.1111867541766842, -1.1080026243021224, -0.990793983960489, -1.1642499062876783, -1.1988480334748963, -1.0642101229451382, -1.1800818437594467, -1.1894689615382572, -1.1880214965946536, -1.1592097165769417, -1.082447377316045, -1.2171046023025325, -1.2165586161996944, -1.0721448159730933, -1.1440537227667646, -1.1452237868591895, -1.2193782818976153, -1.061579166381246, -1.1732664865768554, -1.1541358754013515, -1.212445810169477, -1.0706453451561626, -1.1648331327528603, -1.1848783110821732, -1.2194796308376223, -1.104638038271098, -1.194940221213709, -1.2024837534721977, -1.1276918177479753, -1.2269962879284435, -1.2095580943557076, -1.190345978338171, -1.1623142152117412, -1.2130247035810908, -1.229185591009053, -1.2111489273240936, -1.226022464261037, -1.2178659403798024, -1.2047532895267814, -1.2044224928400113, -1.2162418272742177, -1.2131662388106734, -1.2282712237829094, -1.223827441718456, -1.224965586642847, -1.2331502110688664, -1.1951144200256358, -1.2225908265612526, -1.2003257835038745, -1.2231182703856052, -1.223607312443917, -1.2085017376532132, -1.2162769760650285, -1.2007837326523025, -1.217043343008315, -1.2393574770794853, -1.2103683341171663, -1.1824164003475888, -1.2172334017427904, -1.2041119462606218, -1.2409415399126278, -1.2383399395486965, -1.233486285091805, -1.2422975772352889, -1.2498726295354898, -1.2463623042316865, -1.1973041872407257, -1.2021932318501642, -1.2284113694011674, -1.2259670385201877, -1.2337308802844444, -1.2431350238655665, -1.2355924252878792, -1.2298661809183136, -1.227155599300379, -1.2436965301457108, -1.2445251422682855, -1.2449049390425602],